<?xml version="1.0" encoding="UTF-8"?>
<project default="generateSIMCANFiles" name="es.uclm.uml2cloud.m2t.simcan">
    <property name="ECLIPSE_HOME" value="../../../../../../Eclipse/Papyrus-5.0.0"/>
    <property name="ECLIPSE_WORKSPACE" value="../../../../../../Eclipse/workspace/runtime-EclipseApplication"/>

    <!-- The classpath with only the dependencies used by the project -->
    <path id="es.uclm.uml2cloud.m2t.simcan.libraryclasspath">
        <pathelement location="${ECLIPSE_WORKSPACE}/es.uclm.uml2cloud.m2t.simcan/bin"/>
        <pathelement location="${ECLIPSE_HOME}/plugins/org.eclipse.core.runtime_3.18.0.v20200506-2143.jar"/>
        <pathelement location="${ECLIPSE_HOME}/plugins/org.eclipse.osgi_3.15.300.v20200520-1959.jar"/>
        <pathelement location="${ECLIPSE_HOME}/plugins/org.eclipse.osgi.compatibility.state_1.1.800.v20200511-1223.jar"/>
        <pathelement location="${ECLIPSE_HOME}/plugins/org.eclipse.equinox.common_3.12.0.v20200504-1602.jar"/>
        <pathelement location="${ECLIPSE_HOME}/plugins/org.eclipse.core.jobs_3.10.800.v20200421-0950.jar"/>
        <pathelement location="${ECLIPSE_HOME}/plugins/org.eclipse.equinox.registry_3.8.800.v20200406-0956.jar"/>
        <pathelement location="${ECLIPSE_HOME}/plugins/org.eclipse.equinox.preferences_3.8.0.v20200422-1833.jar"/>
        <pathelement location="${ECLIPSE_HOME}/plugins/org.eclipse.core.contenttype_3.7.700.v20200517-1644.jar"/>
        <pathelement location="${ECLIPSE_HOME}/plugins/org.eclipse.equinox.app_1.4.500.v20200422-1833.jar"/>
        <pathelement location="${ECLIPSE_HOME}/plugins/org.eclipse.emf.ecore_2.23.0.v20200630-0516.jar"/>
        <pathelement location="${ECLIPSE_HOME}/plugins/org.eclipse.emf.common_2.20.0.v20200822-0801.jar"/>
        <pathelement location="${ECLIPSE_HOME}/plugins/org.eclipse.uml2.types_2.5.0.v20200302-1312.jar"/>
        <pathelement location="${ECLIPSE_HOME}/plugins/org.eclipse.uml2.common_2.5.0.v20200302-1312.jar"/>
        <pathelement location="${ECLIPSE_HOME}/plugins/org.eclipse.uml2.uml_5.5.0.v20200302-1312.jar"/>
        <pathelement location="${ECLIPSE_HOME}/plugins/org.eclipse.emf.ecore.xmi_2.16.0.v20190528-0725.jar"/>
        <pathelement location="${ECLIPSE_HOME}/plugins/org.eclipse.emf.mapping.ecore2xml_2.11.0.v20180706-1146.jar"/>
        <pathelement location="${ECLIPSE_HOME}/plugins/org.eclipse.ocl_3.15.0.v20200608-1555.jar"/>
        <pathelement location="${ECLIPSE_HOME}/plugins/lpg.runtime.java_2.0.17.v201004271640.jar"/>
        <pathelement location="${ECLIPSE_HOME}/plugins/org.eclipse.ocl.common_1.8.400.v20200608-1555.jar"/>
        <pathelement location="${ECLIPSE_HOME}/plugins/org.eclipse.ocl.ecore_3.15.0.v20200608-1555.jar"/>
        <pathelement location="${ECLIPSE_HOME}/plugins/org.eclipse.acceleo.common_3.7.9.201911060712.jar"/>
        <pathelement location="${ECLIPSE_HOME}/plugins/org.eclipse.acceleo.model_3.7.9.201911060712.jar"/>
        <pathelement location="${ECLIPSE_HOME}/plugins/org.eclipse.acceleo.profiler_3.7.9.201911060712.jar"/>
        <pathelement location="${ECLIPSE_HOME}/plugins/org.eclipse.acceleo.engine_3.7.9.201911060712.jar"/>
        <pathelement location="${ECLIPSE_HOME}/plugins/org.eclipse.emf.codegen.ecore_2.23.0.v20200701-0840.jar"/>
        <pathelement location="${ECLIPSE_HOME}/plugins/org.eclipse.emf.codegen_2.21.0.v20200708-0547.jar"/>
        <pathelement location="${ECLIPSE_HOME}/plugins/com.google.guava_27.1.0.v20190517-1946.jar"/>
    </path>

    <path id="es.uclm.uml2cloud.m2t.simcan.classpath">
        <path refid="es.uclm.uml2cloud.m2t.simcan.libraryclasspath"/>
    </path>

    <!-- The classpath with only the jars available in the plugin folder of Eclipse -->
    <path id="es.uclm.uml2cloud.m2t.simcan.libraryclasspath.alljars">
        <pathelement location="../es.uclm.uml2cloud.m2t.simcan/bin"/>
        <fileset dir="${ECLIPSE_HOME}/plugins/" includes="*.jar"/>
    </path>

    <path id="es.uclm.uml2cloud.m2t.simcan.classpath.alljars">
        <path refid="es.uclm.uml2cloud.m2t.simcan.libraryclasspath.alljars"/>
    </path>

    <!-- The default task with the jars used by this project -->
    <target name="generateSIMCANFiles">
        <java classname="es.uclm.uml2cloud.m2t.simcan.main.GenerateSIMCANFiles" classpathref="es.uclm.uml2cloud.m2t.simcan.classpath">
            <arg value="${model}"/>
            <arg value="${target}"/>
        </java>
    </target>

    <!--
        In case of problem you can also try with all the jar available in your Eclipse
        Keep in mind that having two versions of the same jar can create problems
    -->
    <target name="generateSIMCANFiles.alljars">
        <java classname="es.uclm.uml2cloud.m2t.simcan.main.GenerateSIMCANFiles" classpathref="es.uclm.uml2cloud.m2t.simcan.classpath">
            <arg value="${model}"/>
            <arg value="${target}"/>
        </java>
    </target>
</project>
